{
  "images" : [
    {
      "idiom" : "watch",
      "filename" : "Icon-Complication-20x20@2x.png",
      "screen-width" : "<=145",
      "scale" : "2x"
    },
    {
      "idiom" : "watch",
      "filename" : "Icon-Complication-22x22@2x.png",
      "screen-width" : ">161",
      "scale" : "2x"
    },
    {
      "idiom" : "watch",
      "scale" : "2x",
      "screen-width" : ">145"
    },
    {
      "idiom" : "watch",
      "filename" : "Icon-Complication-25x25@2x.png",
      "screen-width" : ">183",
      "scale" : "2x"
    }
  ],
  "info" : {
    "version" : 1,
    "author" : "xcode"
  }
}