{
  "images" : [
    {
      "idiom" : "universal",
      "filename" : "settings.png",
      "scale" : "1x"
    },
    {
      "idiom" : "universal",
      "filename" : "settings@2x.png",
      "scale" : "2x"
    },
    {
      "idiom" : "universal",
      "filename" : "settings@3x.png",
      "scale" : "3x"
    },
    {
      "idiom" : "universal",
      "scale" : "1x",
      "height-class" : "compact"
    },
    {
      "idiom" : "universal",
      "filename" : "settings_compact@2x.png",
      "height-class" : "compact",
      "scale" : "2x"
    },
    {
      "idiom" : "universal",
      "filename" : "settings_compact@3x.png",
      "height-class" : "compact",
      "scale" : "3x"
    }
  ],
  "info" : {
    "version" : 1,
    "author" : "xcode"
  }
}